Top queries,Clicks,Impressions,CTR,Position
alma enterprises,9,61,14.75%,2.28
alma enterprise,2,3,66.67%,2.33
house clearances coniston,1,61,1.64%,6.74
house clearance whitehaven,1,23,4.35%,16.83
loft clearance near me,1,1,100%,1
commercial removals grange over sands,0,96,0%,29.58
house clearances swarthmoor,0,95,0%,2.52
house clearances askam-in-furness,0,95,0%,4.17
house clearances haverigg,0,87,0%,1.75
house clearances kirkby-in-furness,0,86,0%,2.93
house clearances dalton-in-furness,0,85,0%,5.13
hoarder house clearance retford,0,82,0%,41.74
house clearances cumbria,0,71,0%,21.03
rubbish clearance askam,0,68,0%,40.13
house clearances broughton-in-furness,0,65,0%,3.95
thornhill probate clearance,0,60,0%,5.28
probate house clearance retford,0,58,0%,57.53
house clearances millom,0,53,0%,7.98
attic clearance doncaster,0,52,0%,62.9
house removals haverigg,0,50,0%,11.06
probate house clearance doncaster,0,50,0%,64.92
house clearances bowness-on-windermere,0,49,0%,9.65
house clearance broughton,0,49,0%,37.78
rubbish clearance ulverston,0,49,0%,39.92
bereavement house clearance doncaster,0,49,0%,54.67
house clearances torver,0,47,0%,6.57
hard drive destruction morecambe,0,47,0%,26.96
house clearance dalry,0,44,0%,71.95
house clearances windermere,0,43,0%,11.23
rubbish clearance swarthmoor,0,40,0%,27.12
house removals askam-in-furness,0,40,0%,54.98
rubbish clearance dalton in furness,0,38,0%,14.61
removal company grasmere,0,36,0%,11.03
removal company haverigg,0,35,0%,12.77
house clearance pirbright,0,32,0%,81.09
removal company arnside,0,30,0%,20.37
house clearance comiston,0,30,0%,23.4
commercial property clearance doncaster,0,30,0%,58.1
house clearances ambleside,0,29,0%,10.14
house clearances grange-over-sands,0,29,0%,11.79
garage clearance wilton,0,28,0%,43.46
house clearance penrith,0,27,0%,12.44
dalston house clearance,0,26,0%,18.31
house clearance blantyre,0,25,0%,72.88
waste removal haverigg,0,23,0%,10
removal company kendal,0,23,0%,59.74
house clearance nelson,0,23,0%,80.35
commercial waste disposal carlisle,0,22,0%,17.05
rubbish clearance dalton,0,22,0%,18.23
house clearance retford,0,21,0%,72.48
probate clearance durrington,0,20,0%,23.15
house removals kendal,0,20,0%,57.5
house removals sedbergh,0,20,0%,69.6
house clearance pinner,0,19,0%,85.37
house clearances ulverston,0,18,0%,12.11
house clearance kendal,0,18,0%,12.17
commercial clearance in lancaster,0,18,0%,12.94
property clearance lancaster,0,18,0%,20.39
garage clearance redhill,0,18,0%,76.06
warwickshire bereavement clearance,0,17,0%,16.65
rubbish clearance lindal,0,17,0%,18.47
house removals millom,0,17,0%,67.71
end of tenancy gosforth,0,16,0%,6.19
commercial removals kirkby lonsdale,0,16,0%,16.19
commercial removals milnthorpe,0,16,0%,63.5
rubbish clearance barrow in furness,0,16,0%,70.12
commercial removals broughton-in-furness,0,16,0%,76.69
house clearances nelson,0,16,0%,77.19
commercial clearance lancaster,0,15,0%,9.8
garage clearance hanover,0,15,0%,10
probate clearance whitehawk,0,15,0%,23.93
waste removal swarthmoor,0,14,0%,6.29
shop refurbs appleby-in-westmorland,0,14,0%,7.36
probate clearance storrington,0,14,0%,33.64
shop refurbs silloth,0,13,0%,3.08
probate clearance hanover,0,13,0%,12.23
house clearance gosforth,0,13,0%,24.46
bereavement property clearance doncaster,0,13,0%,51.23
commercial removals penrith,0,13,0%,83.15
house clearances broughton mills,0,12,0%,14.42
garage clearance broadwater,0,12,0%,16.33
house removals bowness,0,12,0%,16.75
commercial removals ulverston,0,12,0%,62.83
loft clearance christchurch,0,12,0%,64.08
garage clearances abbey wood,0,12,0%,81.17
garage clearance whitehawk,0,11,0%,7.82
commercial removals dalton-in-furness,0,11,0%,24.82
probate clearance ferring,0,11,0%,32.18
house clearances walney,0,10,0%,12.8
house clearances barrow-in-furness,0,10,0%,26.4
house clearance alton,0,10,0%,61
probate property clearance edinburgh,0,10,0%,85
garage clearance salvington,0,9,0%,14.44
probate clearance broadwater,0,9,0%,16.56
probate clearance salvington,0,9,0%,19.33
house removals grange over sands,0,9,0%,41.11
free insulation kirkhaugh,0,9,0%,48.89
frinton house clearances,0,9,0%,64.44
property clearance retford,0,9,0%,78.78
disposing of commercial property,0,8,0%,8.25
house clearance hanover,0,8,0%,19.12
end of tenancy clearance hanover,0,8,0%,22.75
probate clearance pulborough,0,8,0%,29.12
rubbish clearance bardsea,0,8,0%,34.38
rubbish clearance hindpool,0,8,0%,51.62
house clearance roseburn,0,8,0%,61.25
removals kendal,0,8,0%,64.12
house clearance runcorn,0,8,0%,81.25
removal company kirkby lonsdale,0,7,0%,14.86
removal company grange over sands,0,7,0%,19
garage clearance findon,0,7,0%,20.71
probate clearance rustington,0,7,0%,26.29
house clearance durrington,0,7,0%,32.43
house clearance carlisle,0,7,0%,35.86
loft clearance angel,0,7,0%,35.86
probate clearance lancing,0,7,0%,38.14
house clearance tiptree,0,7,0%,42.14
hungerford house clearance,0,7,0%,67.29
house clearance east retford,0,7,0%,73.86
rubbish removal haverigg,0,6,0%,8.5
house clearance east preston,0,6,0%,34
house clearance in dalston,0,6,0%,35.5
probate clearance east preston,0,6,0%,38.83
house clearance storrington,0,6,0%,53.33
land clearance cumbria,0,6,0%,61
house clearance corby,0,6,0%,81.83
thursby garage,0,5,0%,8.6
rubbish clearance roosebeck,0,5,0%,9
house clearances newton in furness,0,5,0%,9.2
commercial clearance pirton,0,5,0%,16.8
house clearances bowmanstead,0,5,0%,19.6
probate clearance findon,0,5,0%,27.8
loft clearance walton on thames,0,5,0%,35.2
house clearance rossendale,0,5,0%,70.6
removal company sedbergh,0,5,0%,71.8
loft clearance chessington,0,5,0%,76
loft clearance epsom,0,5,0%,78
house clearance,0,4,0%,4.25
garage clearance durrington,0,4,0%,13
end of tenancy clearance hangleton,0,4,0%,14
house clearances troutbeck bridge,0,4,0%,14.5
house clearance lancaster,0,4,0%,21.5
office clearance in lancaster,0,4,0%,24.25
probate clearance hangleton,0,4,0%,26.75
hoarder cleaning services,0,4,0%,32.25
hoarder cleaning service,0,4,0%,33.5
removal company carnforth,0,4,0%,45
loft clearance hampton,0,4,0%,64.75
house clearance newhaven,0,4,0%,70.25
loft clearance harrow,0,4,0%,75.75
loft clearance surbiton,0,4,0%,88.5
shop refurbs broughton-in-furness,0,3,0%,3.33
house clearance barrow,0,3,0%,5.67
house clearance specialists,0,3,0%,10
commercial waste lancaster,0,3,0%,10.33
dearham garage,0,3,0%,12.67
removal company coniston,0,3,0%,14.33
house clearances cartmel,0,3,0%,20.67
commercial removals arnside,0,3,0%,26.67
end of tenancy clearance findon,0,3,0%,28.33
garage clearance east preston,0,3,0%,35
business waste lancaster,0,3,0%,35.67
house clearance pulborough,0,3,0%,35.67
house clearances lancashire,0,3,0%,39
alma businesses,0,3,0%,53
house clearances spark bridge,0,3,0%,61
house clearance kirkliston,0,3,0%,61.67
"house clearance service in carlisle, cumbria, uk -site:indeed.com 
-site:instagram.com -site:wikipedia.org -site:linkedin.com -site:bark.com 
-site:facebook.com/groups",0,3,0%,62.67
probate clearance edinburgh,0,3,0%,69.33
house removals ulverston,0,3,0%,76.33
commercial clearance services hillington,0,3,0%,77
house clearance heaton moor,0,3,0%,78
removal company millom,0,3,0%,81
where can i dispose of loft insulation,0,2,0%,4.5
alma dump,0,2,0%,5
house clearance barrow in furness,0,2,0%,12.5
house clearances whitbeck,0,2,0%,17.5
house clearances bardsea,0,2,0%,18
waste removal windermere,0,2,0%,26
house clearance cumbria,0,2,0%,27
contents restoration,0,2,0%,29
house clearance broadwater,0,2,0%,29
hoarding cleaning services,0,2,0%,32.5
house clearance findon,0,2,0%,32.5
end of tenancy clearance east preston,0,2,0%,35.5
hoarder clearance lower stondon,0,2,0%,36
hoarder clearance doncaster,0,2,0%,37
end of tenancy clearance storrington,0,2,0%,40
garage clearance pirton,0,2,0%,43
clearance removals hindpool barrow in furness,0,2,0%,44
commercial clearances in brentwood,0,2,0%,45
free insulation maryport,0,2,0%,46.5
garage clearance lower stondon,0,2,0%,48.5
free insulation sedbergh,0,2,0%,55.5
probate clearance brighton,0,2,0%,57.5
house clearance cheam,0,2,0%,67.5
house removals kirkby lonsdale,0,2,0%,68.5
removals companies kendal,0,2,0%,73
house clearance in devizes,0,2,0%,77
house clearance penzance,0,2,0%,77.5
house clearance hurstpierpoint,0,2,0%,80.5
house clearance expert doncaster,0,2,0%,82
house clearances penzance,0,2,0%,83
house clearances hawkshead,0,2,0%,85
house clearance sciennes,0,2,0%,85.5
loft clearance croydon,0,2,0%,86
probate clearance in newport,0,2,0%,87.5
"house clearance service in carlisle, cumbria -site:indeed.com 
-site:instagram.com -site:wikipedia.org -site:linkedin.com -site:bark.com 
-site:facebook.com/groups",0,2,0%,95
garage clearance,0,1,0%,1
house clearence,0,1,0%,1
loft clearance and cleaning,0,1,0%,4
house clearances greenodd,0,1,0%,7
alma garage,0,1,0%,8
shop refurbs kirkby lonsdale,0,1,0%,8
garage staveley,0,1,0%,9
house clearances roger ground,0,1,0%,9
house clearances ulpha,0,1,0%,9
grasmere garage,0,1,0%,10
house clearances oxen park,0,1,0%,10
kirby thore,0,1,0%,10
storage unit clearance near me,0,1,0%,10
bereavement clearance,0,1,0%,11
house clearance near me,0,1,0%,12
house clearance services,0,1,0%,13
office clearances manaton,0,1,0%,13
haverigg enterprises,0,1,0%,14
commercial property clearance warwickshire,0,1,0%,16
house clearances kirksanton,0,1,0%,16
house clearance hangleton,0,1,0%,18
grange over sands tip,0,1,0%,19
how can i find a quick and efficient house clearance service?,0,1,0%,19
longtown garage,0,1,0%,21
removal company ambleside,0,1,0%,24
end of tenancy clearance durrington,0,1,0%,25
end of tenancy clearance pulborough,0,1,0%,28
house removals arnside,0,1,0%,32
garages dalton in furness,0,1,0%,33
garage clearance storrington,0,1,0%,35
licensed waste carrier cumbria,0,1,0%,36
hoarding house clearance services hendon,0,1,0%,37
house clearance kelvedon,0,1,0%,38
end of tenancy clearance lancing,0,1,0%,40
commercial clearance lower stondon,0,1,0%,42
commercial rubbish camber sands,0,1,0%,42
free insulation cockermouth,0,1,0%,44
house clearances troutbeck,0,1,0%,44
waste disposal barrow in furness,0,1,0%,47
woolston probate clearance,0,1,0%,48
commercial clearance royston,0,1,0%,49
commercial clearance luton,0,1,0%,50
alma services,0,1,0%,53
house clearances great urswick,0,1,0%,57
probate clearance haywards heath,0,1,0%,58
probate clearance hove,0,1,0%,60
loft clearance esher,0,1,0%,63
bereavement clearance corstorphine edinburgh,0,1,0%,64
loft clearances edinburgh,0,1,0%,65
garage clearance hampton,0,1,0%,68
loft clearance kingston,0,1,0%,73
vegetation clearance carlisle,0,1,0%,74
end of tenancy clearance,0,1,0%,77
house clearances field broughton,0,1,0%,77
"house clearance in carlisle, cumbria, uk -site:indeed.com 
-site:instagram.com -site:wikipedia.org -site:linkedin.com -site:bark.com 
-site:facebook.com/groups",0,1,0%,79
preston house clearance,0,1,0%,79
house clearances aldingham,0,1,0%,81
penzance house clearances,0,1,0%,82
penzance house clearance,0,1,0%,84
house clearance companies penzance,0,1,0%,85
property clearance penzance,0,1,0%,85
dalton garage,0,1,0%,87
penzance clearance company,0,1,0%,87
clearance companies penzance,0,1,0%,88
clearance company penzance,0,1,0%,90
commercial removals workington,0,1,0%,90
garage clearance tolworth,0,1,0%,90
probate house clearance n19,0,1,0%,96